staff_id,age,gender,department,jobrole,quarter2_kpi_score,total_kpi_scores,currentmonthlysalary,annual_increment,kpi_firstprize_bonus,quarter2_kpi_bonus,newmonthlysalary,decembersalary
SN00001,50,Male,"Research & Development","Research Director",27,43,17399,173.99,0.0,0.0,17572.99,17572.99
SN00002,36,Male,"Research & Development","Manufacturing Director",29,41,4941,49.41,0.0,0.0,4990.41,4990.41
SN00004,50,Male,"Human Resources",Manager,37,48,18200,182.00,0.0,0.0,18382.00,18382.00
SN00005,52,Male,"Research & Development","Healthcare Representative",51,62,10445,522.25,0.0,1044.5,10967.25,12011.75
SN00007,47,Female,"Research & Development","Manufacturing Director",51,61,10333,516.65,0.0,1033.3,10849.65,11882.95
SN00008,22,Male,"Research & Development","Manufacturing Director",35,49,4775,47.75,0.0,0.0,4822.75,4822.75
SN00010,33,Female,Sales,"Sales Executive",31,47,5368,53.68,0.0,0.0,5421.68,5421.68
SN00011,40,Male,Sales,"Sales Executive",36,51,10855,108.55,0.0,0.0,10963.55,10963.55
SN00012,27,Male,Sales,"Sales Executive",46,54,5071,50.71,0.0,0.0,5121.71,5121.71
SN00013,40,Male,"Research & Development","Laboratory Technician",45,54,2406,24.06,0.0,0.0,2430.06,2430.06
SN00014,55,Male,"Research & Development","Manufacturing Director",52,64,10976,548.80,0.0,1097.6,11524.80,12622.40
SN00017,34,Female,Sales,"Sales Executive",43,59,6029,60.29,0.0,0.0,6089.29,6089.29
SN00018,46,Female,Sales,Manager,39,50,18789,187.89,0.0,0.0,18976.89,18976.89
SN00019,38,Male,Sales,"Sales Executive",47,56,9924,99.24,0.0,0.0,10023.24,10023.24
SN00020,30,Female,"Research & Development","Laboratory Technician",53,71,4627,5089.70,0.0,462.7,9716.70,10179.40
SN00021,34,Male,"Human Resources","Human Resources",29,45,3737,37.37,0.0,0.0,3774.37,3774.37
SN00022,34,Female,"Research & Development","Research Scientist",38,53,5433,54.33,0.0,0.0,5487.33,5487.33
SN00023,36,Male,Sales,"Sales Executive",45,62,5406,270.30,0.0,0.0,5676.30,5676.30
SN00026,40,Male,Sales,Manager,44,58,19833,198.33,0.0,0.0,20031.33,20031.33
SN00027,24,Female,Sales,"Sales Executive",34,49,4999,49.99,0.0,0.0,5048.99,5048.99
SN00028,53,Male,Sales,Manager,47,60,14852,742.60,0.0,0.0,15594.60,15594.60
SN00029,32,Male,"Research & Development","Research Scientist",51,64,5470,273.50,0.0,547.0,5743.50,6290.50
SN00031,55,Male,"Research & Development","Healthcare Representative",36,49,4035,40.35,0.0,0.0,4075.35,4075.35
SN00032,30,Female,"Research & Development","Manufacturing Director",36,50,6091,60.91,0.0,0.0,6151.91,6151.91
SN00035,51,Male,"Research & Development","Manufacturing Director",38,51,6132,61.32,0.0,0.0,6193.32,6193.32
SN00036,42,Female,"Research & Development","Manufacturing Director",49,62,6062,303.10,0.0,0.0,6365.10,6365.10
SN00041,29,Female,"Research & Development","Research Scientist",41,51,2168,21.68,0.0,0.0,2189.68,2189.68
SN00042,43,Male,"Research & Development","Research Director",44,54,14336,143.36,0.0,0.0,14479.36,14479.36
SN00043,40,Female,"Research & Development","Research Scientist",43,55,4422,44.22,0.0,0.0,4466.22,4466.22
SN00044,29,Female,"Research & Development","Laboratory Technician",45,62,3131,156.55,0.0,0.0,3287.55,3287.55
SN00045,46,Female,Sales,"Sales Executive",48,62,13225,661.25,0.0,0.0,13886.25,13886.25
SN00047,47,Female,"Research & Development","Research Director",35,48,17169,171.69,0.0,0.0,17340.69,17340.69
SN00048,32,Male,"Research & Development","Laboratory Technician",31,49,5309,53.09,0.0,0.0,5362.09,5362.09
SN00049,38,Female,"Research & Development","Research Scientist",47,58,2619,26.19,0.0,0.0,2645.19,2645.19
SN00050,51,Male,"Human Resources",Manager,34,52,14026,140.26,0.0,0.0,14166.26,14166.26
SN00051,58,Male,"Research & Development","Healthcare Representative",34,52,5660,56.60,0.0,0.0,5716.60,5716.60
SN00053,45,Male,"Research & Development","Manufacturing Director",45,61,9380,469.00,0.0,0.0,9849.00,9849.00
SN00054,56,Male,"Research & Development","Healthcare Representative",30,44,11103,111.03,0.0,0.0,11214.03,11214.03
SN00055,37,Female,"Research & Development","Healthcare Representative",48,59,4107,41.07,0.0,0.0,4148.07,4148.07
SN00056,37,Male,Sales,"Sales Executive",40,50,9525,95.25,0.0,0.0,9620.25,9620.25
SN00057,39,Male,Sales,"Sales Executive",45,57,7880,78.80,0.0,0.0,7958.80,7958.80
SN00059,54,Female,Sales,"Sales Executive",51,63,10686,534.30,0.0,1068.6,11220.30,12288.90
SN00060,32,Female,"Research & Development","Laboratory Technician",36,49,4025,40.25,0.0,0.0,4065.25,4065.25
SN00061,48,Female,Sales,Manager,43,55,12504,125.04,0.0,0.0,12629.04,12629.04
SN00062,33,Female,"Research & Development","Healthcare Representative",35,51,5488,54.88,0.0,0.0,5542.88,5542.88
SN00065,38,Male,"Research & Development","Healthcare Representative",40,51,5745,57.45,0.0,0.0,5802.45,5802.45
SN00066,38,Male,Sales,"Sales Executive",45,55,4440,44.40,0.0,0.0,4484.40,4484.40
SN00067,43,Male,Sales,"Sales Executive",43,58,7847,78.47,0.0,0.0,7925.47,7925.47
SN00068,37,Male,"Research & Development","Research Scientist",45,54,2326,23.26,0.0,0.0,2349.26,2349.26
SN00072,30,Male,"Research & Development","Healthcare Representative",47,60,4152,207.60,0.0,0.0,4359.60,4359.60
SN00073,39,Female,"Research & Development",Manager,50,63,17123,856.15,0.0,1712.3,17979.15,19691.45
SN00075,27,Female,"Research & Development","Healthcare Representative",38,48,6811,68.11,0.0,0.0,6879.11,6879.11
SN00076,42,Female,Sales,"Sales Executive",52,70,6244,6868.40,0.0,624.4,13112.40,13736.80
SN00077,31,Female,"Research & Development","Laboratory Technician",25,39,3978,39.78,0.0,0.0,4017.78,4017.78
SN00079,29,Female,"Research & Development","Research Director",36,51,16124,161.24,0.0,0.0,16285.24,16285.24
SN00080,49,Female,"Research & Development","Research Director",52,63,18665,933.25,0.0,1866.5,19598.25,21464.75
SN00081,38,Male,Sales,"Sales Representative",46,55,2858,28.58,0.0,0.0,2886.58,2886.58
SN00083,42,Female,"Research & Development","Research Director",33,46,15992,159.92,0.0,0.0,16151.92,16151.92
SN00086,36,Male,"Research & Development","Healthcare Representative",33,52,6586,65.86,0.0,0.0,6651.86,6651.86
SN00087,27,Male,Sales,"Sales Executive",47,59,4342,43.42,0.0,0.0,4385.42,4385.42
SN00088,40,Male,Sales,"Sales Executive",41,53,10932,109.32,0.0,0.0,11041.32,11041.32
SN00089,34,Male,Sales,"Sales Executive",43,52,7083,70.83,0.0,0.0,7153.83,7153.83
SN00090,43,Female,"Research & Development","Healthcare Representative",27,43,9985,99.85,0.0,0.0,10084.85,10084.85
SN00091,31,Male,Sales,"Sales Executive",47,62,10793,539.65,0.0,0.0,11332.65,11332.65
SN00092,41,Male,"Research & Development","Research Scientist",48,59,2782,27.82,0.0,0.0,2809.82,2809.82
SN00093,31,Male,"Research & Development","Research Scientist",50,66,5003,250.15,0.0,500.3,5253.15,5753.45
SN00094,45,Male,"Research & Development","Healthcare Representative",48,58,5399,53.99,0.0,0.0,5452.99,5452.99
SN00095,33,Male,Sales,"Sales Executive",50,69,4682,234.10,0.0,468.2,4916.10,5384.30
SN00096,27,Female,"Research & Development","Research Scientist",30,48,2478,24.78,0.0,0.0,2502.78,2502.78
SN00097,36,Male,"Research & Development","Laboratory Technician",46,55,2571,25.71,0.0,0.0,2596.71,2596.71
SN00098,33,Male,"Research & Development","Laboratory Technician",52,66,2028,101.40,0.0,202.8,2129.40,2332.20
SN00099,31,Male,"Research & Development","Research Scientist",26,42,2911,29.11,0.0,0.0,2940.11,2940.11
SN00101,32,Male,"Research & Development","Laboratory Technician",47,58,2794,27.94,0.0,0.0,2821.94,2821.94
SN00102,36,Male,"Research & Development","Manufacturing Director",28,41,7779,77.79,0.0,0.0,7856.79,7856.79
SN00107,29,Female,"Research & Development","Research Scientist",31,43,2514,25.14,0.0,0.0,2539.14,2539.14
SN00108,41,Female,"Research & Development","Research Director",45,58,19973,199.73,0.0,0.0,20172.73,20172.73
SN00109,30,Male,"Human Resources","Human Resources",38,53,6347,63.47,0.0,0.0,6410.47,6410.47
SN00110,39,Male,"Research & Development","Research Director",46,58,13464,134.64,0.0,0.0,13598.64,13598.64
SN00112,31,Male,"Research & Development","Manufacturing Director",36,47,4345,43.45,0.0,0.0,4388.45,4388.45
SN00113,45,Female,Sales,Manager,49,62,17650,882.50,0.0,0.0,18532.50,18532.50
SN00114,42,Female,"Research & Development","Research Scientist",45,56,4556,45.56,0.0,0.0,4601.56,4601.56
SN00115,31,Female,"Research & Development","Manufacturing Director",33,47,8943,89.43,0.0,0.0,9032.43,9032.43
SN00117,34,Male,"Research & Development","Healthcare Representative",48,57,5343,53.43,0.0,0.0,5396.43,5396.43
SN00118,33,Male,Sales,Manager,31,46,17444,174.44,0.0,0.0,17618.44,17618.44
SN00120,40,Female,Sales,"Sales Executive",45,59,5677,56.77,0.0,0.0,5733.77,5733.77
SN00121,33,Male,Sales,"Sales Executive",48,54,8380,83.80,0.0,0.0,8463.80,8463.80
SN00122,34,Female,Sales,"Sales Executive",44,55,5714,57.14,0.0,0.0,5771.14,5771.14
SN00123,34,Male,"Research & Development","Research Scientist",49,63,2691,134.55,0.0,0.0,2825.55,2825.55
SN00124,30,Female,"Research & Development","Research Director",46,61,11416,570.80,0.0,0.0,11986.80,11986.80
SN00125,33,Female,"Research & Development","Research Scientist",44,58,2909,29.09,0.0,0.0,2938.09,2938.09
SN00126,45,Male,"Research & Development","Laboratory Technician",30,50,3633,36.33,0.0,0.0,3669.33,3669.33
SN00127,37,Male,Sales,"Sales Executive",51,70,8834,9717.40,0.0,883.4,18551.40,19434.80
SN00128,31,Male,Sales,"Sales Executive",43,54,7547,75.47,0.0,0.0,7622.47,7622.47
SN00129,32,Male,"Research & Development","Laboratory Technician",30,51,3068,30.68,0.0,0.0,3098.68,3098.68
SN00133,33,Female,Sales,"Sales Executive",44,57,5376,53.76,0.0,0.0,5429.76,5429.76
SN00134,38,Female,"Research & Development","Manufacturing Director",49,60,7861,393.05,0.0,0.0,8254.05,8254.05
SN00135,41,Male,"Research & Development","Research Scientist",30,47,3072,30.72,0.0,0.0,3102.72,3102.72
SN00137,38,Male,"Research & Development","Healthcare Representative",44,53,6288,62.88,0.0,0.0,6350.88,6350.88
SN00138,27,Female,Sales,"Sales Representative",47,64,3540,177.00,0.0,0.0,3717.00,3717.00
SN00139,53,Female,"Research & Development","Research Director",27,42,14275,142.75,0.0,0.0,14417.75,14417.75
SN00140,30,Male,Sales,"Sales Executive",36,53,5301,53.01,0.0,0.0,5354.01,5354.01
SN00142,30,Male,"Research & Development","Laboratory Technician",40,53,3833,38.33,0.0,0.0,3871.33,3871.33
SN00143,58,Female,"Research & Development","Research Director",46,55,19701,197.01,0.0,0.0,19898.01,19898.01
SN00144,34,Male,Sales,"Sales Executive",40,51,9725,97.25,0.0,0.0,9822.25,9822.25
SN00146,51,Female,Sales,"Sales Executive",40,49,4936,49.36,0.0,0.0,4985.36,4985.36
SN00147,39,Male,"Research & Development",Manager,46,58,17068,170.68,0.0,0.0,17238.68,17238.68
SN00148,36,Male,Sales,"Sales Executive",44,58,9980,99.80,0.0,0.0,10079.80,10079.80
SN00149,32,Female,Sales,"Sales Executive",37,51,5228,52.28,0.0,0.0,5280.28,5280.28
SN00150,56,Female,"Research & Development","Research Scientist",49,64,2942,147.10,0.0,0.0,3089.10,3089.10
SN00151,57,Male,"Research & Development","Research Scientist",30,48,4900,49.00,0.0,0.0,4949.00,4949.00
SN00152,57,Male,Sales,Manager,47,56,14118,141.18,0.0,0.0,14259.18,14259.18
SN00153,40,Female,"Research & Development","Research Scientist",35,51,2342,23.42,0.0,0.0,2365.42,2365.42
SN00155,53,Male,"Research & Development","Healthcare Representative",41,53,7005,70.05,0.0,0.0,7075.05,7075.05
SN00156,38,Female,"Research & Development","Laboratory Technician",44,56,2440,24.40,0.0,0.0,2464.40,2464.40
SN00157,36,Male,"Human Resources","Human Resources",41,51,2143,21.43,0.0,0.0,2164.43,2164.43
SN00158,29,Female,Sales,"Sales Executive",47,62,7918,395.90,0.0,0.0,8313.90,8313.90
SN00159,38,Female,"Research & Development","Research Director",44,58,13206,132.06,0.0,0.0,13338.06,13338.06
SN00160,47,Male,"Research & Development","Healthcare Representative",44,55,8633,86.33,0.0,0.0,8719.33,8719.33
SN00163,36,Male,"Research & Development","Manufacturing Director",44,57,6499,64.99,0.0,0.0,6563.99,6563.99
SN00165,34,Female,"Research & Development","Research Scientist",48,58,4381,43.81,0.0,0.0,4424.81,4424.81
SN00166,39,Male,"Research & Development","Manufacturing Director",51,70,4534,4987.40,0.0,453.4,9521.40,9974.80
SN00167,30,Male,"Research & Development","Manufacturing Director",39,55,8474,84.74,0.0,0.0,8558.74,8558.74
SN00168,51,Male,Sales,"Sales Executive",49,64,10596,529.80,0.0,0.0,11125.80,11125.80
SN00170,60,Male,Sales,"Sales Executive",31,46,5405,54.05,0.0,0.0,5459.05,5459.05
SN00172,45,Male,"Research & Development","Research Scientist",48,56,2132,21.32,0.0,0.0,2153.32,2153.32
SN00173,56,Male,"Research & Development","Manufacturing Director",43,54,7260,72.60,0.0,0.0,7332.60,7332.60
SN00174,46,Male,"Research & Development","Manufacturing Director",47,63,8578,428.90,0.0,0.0,9006.90,9006.90
SN00175,42,Male,"Research & Development","Laboratory Technician",50,70,2766,3042.60,0.0,276.6,5808.60,6085.20
SN00180,39,Male,"Research & Development","Manufacturing Director",46,58,5151,51.51,0.0,0.0,5202.51,5202.51
SN00181,48,Male,"Research & Development","Research Director",46,57,19665,196.65,0.0,0.0,19861.65,19861.65
SN00182,37,Male,Sales,"Sales Executive",51,65,6502,325.10,0.0,650.2,6827.10,7477.30
SN00183,41,Female,"Research & Development","Research Scientist",49,63,5467,273.35,0.0,0.0,5740.35,5740.35
SN00184,21,Male,Sales,"Sales Representative",47,55,2610,26.10,0.0,0.0,2636.10,2636.10
SN00185,32,Male,Sales,"Sales Executive",46,53,4403,44.03,0.0,0.0,4447.03,4447.03
SN00187,59,Female,"Research & Development","Laboratory Technician",44,56,2670,26.70,0.0,0.0,2696.70,2696.70
SN00188,45,Male,"Research & Development","Laboratory Technician",38,51,5210,52.10,0.0,0.0,5262.10,5262.10
SN00190,36,Male,"Research & Development","Research Scientist",39,52,3692,36.92,0.0,0.0,3728.92,3728.92
SN00191,41,Male,Sales,"Sales Executive",48,63,8938,446.90,0.0,0.0,9384.90,9384.90
SN00192,41,Female,Sales,Manager,43,53,13591,135.91,0.0,0.0,13726.91,13726.91
SN00193,42,Female,"Research & Development","Research Scientist",32,47,2372,23.72,0.0,0.0,2395.72,2395.72
SN00194,42,Male,Sales,"Sales Executive",31,46,6825,68.25,0.0,0.0,6893.25,6893.25
SN00195,24,Female,Sales,"Sales Representative",31,49,2033,20.33,0.0,0.0,2053.33,2053.33
SN00197,43,Female,"Research & Development","Healthcare Representative",39,51,5562,55.62,0.0,0.0,5617.62,5617.62
SN00199,38,Male,"Research & Development","Research Scientist",24,42,2684,26.84,0.0,0.0,2710.84,2710.84
SN00200,33,Male,"Research & Development","Healthcare Representative",54,72,6388,7026.80,0.0,638.8,13414.80,14053.60
SN00201,53,Female,Sales,"Sales Executive",48,56,10934,109.34,0.0,0.0,11043.34,11043.34
SN00202,43,Female,"Research & Development","Manufacturing Director",30,44,10820,108.20,0.0,0.0,10928.20,10928.20
SN00203,42,Female,"Research & Development","Laboratory Technician",47,61,2593,129.65,0.0,0.0,2722.65,2722.65
SN00204,53,Female,"Research & Development",Manager,47,60,19094,954.70,0.0,0.0,20048.70,20048.70
SN00206,29,Female,"Research & Development","Healthcare Representative",43,54,4335,43.35,0.0,0.0,4378.35,4378.35
SN00207,37,Male,"Research & Development","Research Scientist",31,44,3022,30.22,0.0,0.0,3052.22,3052.22
SN00208,50,Female,"Research & Development","Research Director",29,44,18172,181.72,0.0,0.0,18353.72,18353.72
SN00209,29,Male,Sales,"Sales Executive",48,59,4649,46.49,0.0,0.0,4695.49,4695.49
SN00210,33,Female,"Research & Development","Research Director",27,41,13458,134.58,0.0,0.0,13592.58,13592.58
SN00211,55,Male,"Research & Development",Manager,43,54,16756,167.56,0.0,0.0,16923.56,16923.56
SN00212,51,Male,"Research & Development","Research Director",52,65,12490,624.50,0.0,1249.0,13114.50,14363.50
SN00213,30,Male,"Research & Development","Research Scientist",32,47,2613,26.13,0.0,0.0,2639.13,2639.13
SN00214,49,Male,"Research & Development",Manager,35,52,18711,187.11,0.0,0.0,18898.11,18898.11
SN00215,47,Male,"Research & Development","Manufacturing Director",48,57,5067,50.67,0.0,0.0,5117.67,5117.67
SN00216,31,Male,"Research & Development","Research Scientist",49,65,2501,125.05,0.0,0.0,2626.05,2626.05
SN00217,47,Female,"Research & Development","Laboratory Technician",31,47,2105,21.05,0.0,0.0,2126.05,2126.05
SN00218,58,Male,"Research & Development","Research Scientist",43,56,2372,23.72,0.0,0.0,2395.72,2395.72
SN00220,29,Female,"Research & Development","Research Scientist",43,57,3785,37.85,0.0,0.0,3822.85,3822.85
SN00221,50,Male,"Research & Development","Laboratory Technician",44,57,3221,32.21,0.0,0.0,3253.21,3253.21
SN00222,32,Female,"Research & Development","Laboratory Technician",47,54,2837,28.37,0.0,0.0,2865.37,2865.37
SN00223,44,Female,"Research & Development","Research Director",49,62,19049,952.45,0.0,0.0,20001.45,20001.45
SN00224,38,Male,"Human Resources","Human Resources",41,49,2844,28.44,0.0,0.0,2872.44,2872.44
SN00226,40,Male,Sales,"Sales Executive",35,50,10475,104.75,0.0,0.0,10579.75,10579.75
SN00227,45,Female,"Research & Development","Research Scientist",47,56,2274,22.74,0.0,0.0,2296.74,2296.74
SN00228,46,Female,"Research & Development","Healthcare Representative",46,59,10527,105.27,0.0,0.0,10632.27,10632.27
SN00230,34,Male,"Research & Development","Research Scientist",47,57,2932,29.32,0.0,0.0,2961.32,2961.32
SN00231,55,Male,"Research & Development","Healthcare Representative",48,54,6385,63.85,0.0,0.0,6448.85,6448.85
SN00232,19,Female,"Research & Development","Research Scientist",32,51,2994,29.94,0.0,0.0,3023.94,3023.94
SN00233,32,Male,"Research & Development","Manufacturing Director",48,58,6162,61.62,0.0,0.0,6223.62,6223.62
SN00234,40,Male,"Research & Development","Laboratory Technician",34,49,3975,39.75,0.0,0.0,4014.75,4014.75
SN00235,30,Female,Sales,"Sales Executive",51,64,5209,260.45,0.0,520.9,5469.45,5990.35
SN00237,48,Male,"Research & Development","Research Scientist",38,48,2259,22.59,0.0,0.0,2281.59,2281.59
SN00238,45,Male,"Research & Development",Manager,27,44,16792,167.92,0.0,0.0,16959.92,16959.92
SN00239,53,Male,"Research & Development","Research Director",48,62,17584,879.20,0.0,0.0,18463.20,18463.20
SN00240,36,Male,Sales,"Sales Executive",30,51,9699,96.99,0.0,0.0,9795.99,9795.99
SN00241,29,Male,"Research & Development","Research Scientist",48,62,2720,136.00,0.0,0.0,2856.00,2856.00
SN00242,46,Female,"Research & Development","Research Scientist",36,52,4615,46.15,0.0,0.0,4661.15,4661.15
SN00243,41,Female,"Research & Development","Manufacturing Director",52,69,5003,250.15,0.0,500.3,5253.15,5753.45
SN00245,52,Female,"Research & Development","Manufacturing Director",44,56,13247,132.47,0.0,0.0,13379.47,13379.47
SN00246,51,Female,"Research & Development","Healthcare Representative",29,43,7484,74.84,0.0,0.0,7558.84,7558.84
SN00248,36,Male,Sales,"Sales Representative",43,57,2644,26.44,0.0,0.0,2670.44,2670.44
SN00250,31,Male,Sales,"Sales Executive",48,56,5332,53.32,0.0,0.0,5385.32,5385.32
SN00251,44,Female,Sales,"Sales Executive",39,52,5454,54.54,0.0,0.0,5508.54,5508.54
SN00256,24,Female,"Research & Development","Manufacturing Director",54,72,4377,4814.70,0.0,437.7,9191.70,9629.40
SN00257,50,Male,"Research & Development","Laboratory Technician",31,50,3690,36.90,0.0,0.0,3726.90,3726.90
SN00258,39,Female,Sales,"Sales Executive",29,46,5902,59.02,0.0,0.0,5961.02,5961.02
SN00259,30,Female,"Research & Development","Manufacturing Director",44,58,4695,46.95,0.0,0.0,4741.95,4741.95
SN00260,30,Male,"Research & Development","Laboratory Technician",26,43,5126,51.26,0.0,0.0,5177.26,5177.26
SN00261,29,Male,Sales,"Sales Executive",46,55,4187,41.87,0.0,0.0,4228.87,4228.87
SN00262,59,Female,"Human Resources",Manager,46,58,18844,188.44,0.0,0.0,19032.44,19032.44
SN00263,36,Female,"Research & Development","Research Director",41,53,11713,117.13,0.0,0.0,11830.13,11830.13
SN00266,50,Female,"Research & Development",Manager,52,63,19926,996.30,0.0,1992.6,20922.30,22914.90
SN00267,37,Female,"Research & Development","Research Scientist",37,53,3920,39.20,0.0,0.0,3959.20,3959.20
SN00268,38,Female,"Research & Development","Research Director",32,48,12061,120.61,0.0,0.0,12181.61,12181.61
SN00269,41,Male,Sales,"Sales Executive",44,54,6230,62.30,0.0,0.0,6292.30,6292.30
SN00270,29,Female,"Research & Development","Research Scientist",39,50,2109,21.09,0.0,0.0,2130.09,2130.09
SN00271,45,Male,"Research & Development","Research Scientist",44,54,3697,36.97,0.0,0.0,3733.97,3733.97
SN00273,29,Male,"Research & Development","Healthcare Representative",49,65,5373,268.65,0.0,0.0,5641.65,5641.65
SN00274,42,Male,"Research & Development",Manager,44,56,17665,176.65,0.0,0.0,17841.65,17841.65
SN00275,48,Male,"Research & Development","Research Director",43,56,18265,182.65,0.0,0.0,18447.65,18447.65
SN00277,31,Male,"Research & Development","Manufacturing Director",50,65,10648,532.40,0.0,1064.8,11180.40,12245.20
SN00278,41,Male,"Human Resources","Human Resources",46,59,6430,64.30,0.0,0.0,6494.30,6494.30
SN00280,42,Male,Sales,"Sales Executive",45,56,5155,51.55,0.0,0.0,5206.55,5206.55
SN00281,36,Female,Sales,"Sales Executive",33,47,6652,66.52,0.0,0.0,6718.52,6718.52
SN00284,36,Male,"Research & Development","Healthcare Representative",33,50,5347,53.47,0.0,0.0,5400.47,5400.47
SN00285,42,Female,"Research & Development","Laboratory Technician",52,65,2576,128.80,0.0,257.6,2704.80,2962.40
SN00286,43,Female,Sales,Manager,46,58,16064,160.64,0.0,0.0,16224.64,16224.64
SN00287,36,Female,Sales,"Sales Representative",31,46,4502,45.02,0.0,0.0,4547.02,4547.02
SN00289,36,Female,"Research & Development","Laboratory Technician",44,53,5674,56.74,0.0,0.0,5730.74,5730.74
SN00290,36,Female,Sales,"Sales Executive",53,68,9738,486.90,0.0,973.8,10224.90,11198.70
SN00291,38,Male,"Research & Development","Research Scientist",50,63,4735,236.75,0.0,473.5,4971.75,5445.25
SN00292,33,Male,"Research & Development","Research Scientist",30,44,2799,27.99,0.0,0.0,2826.99,2826.99
SN00293,45,Male,"Research & Development","Manufacturing Director",32,45,6434,64.34,0.0,0.0,6498.34,6498.34
SN00294,27,Female,Sales,"Sales Executive",52,63,6500,325.00,0.0,650.0,6825.00,7475.00
SN00296,29,Male,"Research & Development","Research Scientist",44,56,2703,27.03,0.0,0.0,2730.03,2730.03
SN00297,32,Male,Sales,"Sales Executive",24,40,5010,50.10,0.0,0.0,5060.10,5060.10
SN00298,46,Male,Sales,Manager,46,54,17465,174.65,0.0,0.0,17639.65,17639.65
SN00300,44,Male,"Research & Development","Research Director",28,41,16328,163.28,0.0,0.0,16491.28,16491.28
SN00301,40,Female,"Research & Development","Manufacturing Director",45,54,13237,132.37,0.0,0.0,13369.37,13369.37
SN00302,55,Female,Sales,Manager,30,47,16835,168.35,0.0,0.0,17003.35,17003.35
SN00303,41,Male,"Research & Development","Research Director",34,49,19419,194.19,0.0,0.0,19613.19,19613.19
SN00305,38,Female,Sales,"Sales Executive",49,64,4198,209.90,0.0,0.0,4407.90,4407.90
SN00308,45,Male,"Research & Development","Research Director",45,54,13245,132.45,0.0,0.0,13377.45,13377.45
SN00309,34,Male,"Research & Development","Manufacturing Director",41,52,4325,43.25,0.0,0.0,4368.25,4368.25
SN00310,38,Male,"Research & Development","Research Scientist",31,46,2610,26.10,0.0,0.0,2636.10,2636.10
SN00311,55,Male,Sales,"Sales Executive",49,61,10239,511.95,0.0,0.0,10750.95,10750.95
SN00313,40,Female,"Research & Development","Manufacturing Director",34,51,10435,104.35,0.0,0.0,10539.35,10539.35
SN00316,20,Male,Sales,"Sales Representative",47,56,2728,27.28,0.0,0.0,2755.28,2755.28
SN00318,31,Male,"Research & Development","Research Scientist",39,53,2356,23.56,0.0,0.0,2379.56,2379.56
SN00319,40,Male,"Research & Development","Healthcare Representative",51,70,10322,11354.20,0.0,1032.2,21676.20,22708.40
SN00320,50,Female,"Research & Development",Manager,43,57,17856,178.56,0.0,0.0,18034.56,18034.56
SN00321,27,Male,"Research & Development","Research Scientist",28,42,2580,25.80,0.0,0.0,2605.80,2605.80
SN00323,36,Male,"Research & Development","Healthcare Representative",30,45,8321,83.21,0.0,0.0,8404.21,8404.21
SN00324,53,Male,"Research & Development","Research Director",34,51,16598,165.98,0.0,0.0,16763.98,16763.98
SN00325,42,Male,"Research & Development","Healthcare Representative",34,52,5538,55.38,0.0,0.0,5593.38,5593.38
SN00326,37,Male,"Research & Development","Healthcare Representative",36,51,5163,51.63,0.0,0.0,5214.63,5214.63
SN00327,43,Male,"Research & Development","Research Director",44,58,17159,171.59,0.0,0.0,17330.59,17330.59
SN00328,23,Male,"Research & Development","Research Scientist",32,48,1223,12.23,0.0,0.0,1235.23,1235.23
SN00329,52,Female,"Research & Development","Laboratory Technician",39,53,2950,29.50,0.0,0.0,2979.50,2979.50
SN00330,29,Female,"Research & Development","Research Scientist",52,63,3760,188.00,0.0,376.0,3948.00,4324.00
SN00331,50,Female,"Research & Development","Research Director",40,51,18740,187.40,0.0,0.0,18927.40,18927.40
SN00332,42,Male,Sales,"Sales Executive",45,57,4907,49.07,0.0,0.0,4956.07,4956.07
SN00333,34,Male,"Research & Development","Laboratory Technician",47,59,4404,44.04,0.0,0.0,4448.04,4448.04
SN00334,32,Female,Sales,"Sales Representative",52,62,3931,196.55,0.0,393.1,4127.55,4520.65
SN00335,38,Male,Sales,"Sales Executive",55,73,10609,11669.90,3182.7,1060.9,22278.90,26522.50
SN00336,30,Female,"Research & Development","Research Scientist",43,53,3204,32.04,0.0,0.0,3236.04,3236.04
SN00338,27,Male,"Research & Development","Laboratory Technician",41,50,3816,38.16,0.0,0.0,3854.16,3854.16
SN00339,36,Female,"Research & Development","Laboratory Technician",36,49,2835,28.35,0.0,0.0,2863.35,2863.35
SN00340,40,Female,"Research & Development","Laboratory Technician",48,61,3377,168.85,0.0,0.0,3545.85,3545.85
SN00342,33,Male,"Research & Development","Laboratory Technician",33,48,2008,20.08,0.0,0.0,2028.08,2028.08
SN00343,36,Male,"Research & Development","Healthcare Representative",47,59,5237,52.37,0.0,0.0,5289.37,5289.37
SN00344,39,Female,"Research & Development","Laboratory Technician",47,57,3755,37.55,0.0,0.0,3792.55,3792.55
SN00345,36,Male,Sales,"Sales Executive",47,58,5079,50.79,0.0,0.0,5129.79,5129.79
SN00347,36,Female,"Research & Development","Manufacturing Director",41,54,5228,52.28,0.0,0.0,5280.28,5280.28
SN00348,37,Male,"Research & Development","Manufacturing Director",37,48,4197,41.97,0.0,0.0,4238.97,4238.97
SN00349,51,Male,Sales,Manager,49,64,19847,992.35,0.0,0.0,20839.35,20839.35
SN00350,49,Female,"Research & Development","Research Director",38,49,16413,164.13,0.0,0.0,16577.13,16577.13
SN00353,33,Female,Sales,"Sales Executive",48,59,4302,43.02,0.0,0.0,4345.02,4345.02
SN00355,46,Male,"Research & Development","Manufacturing Director",47,55,10845,108.45,0.0,0.0,10953.45,10953.45
SN00357,32,Male,Sales,"Sales Executive",30,46,4668,46.68,0.0,0.0,4714.68,4714.68
SN00358,30,Female,"Research & Development","Research Scientist",38,50,2083,20.83,0.0,0.0,2103.83,2103.83
SN00360,27,Female,"Research & Development","Manufacturing Director",39,51,4227,42.27,0.0,0.0,4269.27,4269.27
SN00361,42,Male,"Research & Development","Research Director",45,55,13348,133.48,0.0,0.0,13481.48,13481.48
SN00363,50,Male,Sales,"Sales Representative",37,51,3875,38.75,0.0,0.0,3913.75,3913.75
SN00365,31,Male,Sales,"Sales Representative",31,45,3067,30.67,0.0,0.0,3097.67,3097.67
SN00366,29,Female,Sales,"Sales Representative",50,62,2157,107.85,0.0,215.7,2264.85,2480.55
SN00367,42,Male,"Research & Development","Laboratory Technician",46,54,3968,39.68,0.0,0.0,4007.68,4007.68
SN00368,36,Female,Sales,"Sales Executive",49,62,5673,283.65,0.0,0.0,5956.65,5956.65
SN00370,46,Female,Sales,Manager,35,52,17048,170.48,0.0,0.0,17218.48,17218.48
SN00371,39,Female,Sales,"Sales Executive",34,51,12031,120.31,0.0,0.0,12151.31,12151.31
SN00372,30,Male,"Research & Development","Laboratory Technician",34,50,2693,26.93,0.0,0.0,2719.93,2719.93
SN00373,36,Male,"Research & Development","Laboratory Technician",38,50,5810,58.10,0.0,0.0,5868.10,5868.10
SN00375,22,Female,"Research & Development","Research Scientist",39,51,2814,28.14,0.0,0.0,2842.14,2842.14
SN00377,41,Female,"Research & Development","Research Scientist",48,58,3376,33.76,0.0,0.0,3409.76,3409.76
SN00379,47,Male,"Research & Development","Research Director",36,51,18300,183.00,0.0,0.0,18483.00,18483.00
SN00381,29,Male,"Research & Development","Healthcare Representative",27,39,8853,88.53,0.0,0.0,8941.53,8941.53
SN00383,51,Male,"Research & Development","Research Scientist",27,39,2723,27.23,0.0,0.0,2750.23,2750.23
SN00384,34,Male,"Research & Development","Research Scientist",47,55,5747,57.47,0.0,0.0,5804.47,5804.47
SN00387,42,Female,"Research & Development","Research Director",52,69,13191,659.55,0.0,1319.1,13850.55,15169.65
SN00388,38,Female,"Research & Development","Research Scientist",39,50,4317,43.17,0.0,0.0,4360.17,4360.17
SN00390,39,Male,Sales,"Sales Executive",46,58,8237,82.37,0.0,0.0,8319.37,8319.37
SN00391,40,Male,"Research & Development","Laboratory Technician",45,59,2387,23.87,0.0,0.0,2410.87,2410.87
SN00392,45,Male,"Research & Development","Healthcare Representative",50,62,7441,372.05,0.0,744.1,7813.05,8557.15
SN00393,40,Female,"Research & Development","Research Scientist",30,47,2001,20.01,0.0,0.0,2021.01,2021.01
SN00395,32,Female,"Research & Development","Research Director",53,68,11159,557.95,0.0,1115.9,11716.95,12832.85
SN00396,50,Female,"Research & Development","Research Director",44,55,13269,132.69,0.0,0.0,13401.69,13401.69
SN00397,37,Male,Sales,"Sales Representative",39,53,2793,27.93,0.0,0.0,2820.93,2820.93
SN00400,31,Female,Sales,"Sales Executive",48,56,9637,96.37,0.0,0.0,9733.37,9733.37
SN00401,38,Female,"Research & Development","Laboratory Technician",47,56,3702,37.02,0.0,0.0,3739.02,3739.02
SN00402,27,Female,Sales,"Sales Executive",40,50,9981,99.81,0.0,0.0,10080.81,10080.81
SN00403,46,Male,"Human Resources","Human Resources",40,53,5021,50.21,0.0,0.0,5071.21,5071.21
SN00404,41,Male,"Research & Development","Laboratory Technician",31,50,2238,22.38,0.0,0.0,2260.38,2260.38
SN00405,40,Male,"Research & Development","Research Director",30,46,19626,196.26,0.0,0.0,19822.26,19822.26
SN00406,30,Male,Sales,"Sales Executive",43,59,4115,41.15,0.0,0.0,4156.15,4156.15
SN00407,30,Male,"Research & Development","Laboratory Technician",49,63,3491,174.55,0.0,0.0,3665.55,3665.55
SN00408,34,Male,"Research & Development","Laboratory Technician",46,54,2008,20.08,0.0,0.0,2028.08,2028.08
SN00409,40,Female,Sales,"Sales Executive",38,53,4639,46.39,0.0,0.0,4685.39,4685.39
SN00410,29,Male,Sales,"Sales Representative",40,51,2297,22.97,0.0,0.0,2319.97,2319.97
SN00411,46,Male,"Research & Development","Research Director",37,49,19081,190.81,0.0,0.0,19271.81,19271.81
SN00412,41,Male,Sales,"Sales Executive",36,50,8189,81.89,0.0,0.0,8270.89,8270.89
SN00413,39,Female,Sales,"Sales Executive",30,44,5736,57.36,0.0,0.0,5793.36,5793.36
SN00414,29,Female,"Research & Development","Research Scientist",37,52,3291,32.91,0.0,0.0,3323.91,3323.91
SN00415,52,Female,"Research & Development",Manager,30,49,16555,165.55,0.0,0.0,16720.55,16720.55
SN00416,37,Male,"Research & Development","Research Scientist",31,47,2996,29.96,0.0,0.0,3025.96,3025.96
SN00417,29,Female,Sales,"Sales Executive",45,61,5561,278.05,0.0,0.0,5839.05,5839.05
SN00418,44,Female,"Human Resources","Human Resources",38,51,3195,31.95,0.0,0.0,3226.95,3226.95
SN00421,47,Male,Sales,"Sales Representative",44,58,2976,29.76,0.0,0.0,3005.76,3005.76
SN00422,37,Female,"Research & Development","Laboratory Technician",30,49,3034,30.34,0.0,0.0,3064.34,3064.34
SN00424,57,Male,"Research & Development","Healthcare Representative",39,51,6755,67.55,0.0,0.0,6822.55,6822.55
SN00426,32,Female,"Research & Development","Healthcare Representative",53,70,6667,7333.70,0.0,666.7,14000.70,14667.40
SN00430,32,Male,"Research & Development","Laboratory Technician",32,49,2314,23.14,0.0,0.0,2337.14,2337.14
SN00434,36,Male,"Research & Development","Laboratory Technician",44,53,2088,20.88,0.0,0.0,2108.88,2108.88
SN00435,31,Male,Sales,"Sales Executive",40,53,6582,65.82,0.0,0.0,6647.82,6647.82
SN00438,27,Female,"Research & Development","Manufacturing Director",43,55,7412,74.12,0.0,0.0,7486.12,7486.12
SN00440,45,Female,"Research & Development","Laboratory Technician",36,50,2270,22.70,0.0,0.0,2292.70,2292.70
SN00441,40,Male,"Research & Development","Healthcare Representative",45,55,13503,135.03,0.0,0.0,13638.03,13638.03
SN00442,47,Female,"Research & Development","Research Director",48,59,11957,119.57,0.0,0.0,12076.57,12076.57
SN00443,34,Female,"Research & Development","Research Scientist",43,57,2311,23.11,0.0,0.0,2334.11,2334.11
SN00444,44,Male,"Research & Development","Research Scientist",47,58,4541,45.41,0.0,0.0,4586.41,4586.41
SN00445,36,Female,Sales,"Sales Executive",32,51,4639,46.39,0.0,0.0,4685.39,4685.39
SN00446,27,Male,"Research & Development","Laboratory Technician",47,62,4621,231.05,0.0,0.0,4852.05,4852.05
SN00448,39,Female,"Research & Development","Healthcare Representative",26,42,10938,109.38,0.0,0.0,11047.38,11047.38
SN00450,34,Male,"Research & Development","Research Scientist",31,46,2979,29.79,0.0,0.0,3008.79,3008.79
SN00451,50,Female,Sales,"Sales Executive",44,56,9208,92.08,0.0,0.0,9300.08,9300.08
SN00452,41,Male,Sales,Manager,36,48,16015,160.15,0.0,0.0,16175.15,16175.15
SN00454,39,Male,"Research & Development",Manager,31,47,19272,192.72,0.0,0.0,19464.72,19464.72
SN00455,44,Male,"Research & Development","Research Scientist",37,52,2436,24.36,0.0,0.0,2460.36,2460.36
SN00456,33,Male,"Research & Development","Manufacturing Director",36,51,4320,43.20,0.0,0.0,4363.20,4363.20
SN00457,33,Male,Sales,"Sales Executive",47,56,7104,71.04,0.0,0.0,7175.04,7175.04
SN00459,37,Female,"Research & Development","Healthcare Representative",40,53,5731,57.31,0.0,0.0,5788.31,5788.31
SN00460,37,Female,"Research & Development","Laboratory Technician",44,53,3452,34.52,0.0,0.0,3486.52,3486.52
SN00463,30,Female,Sales,"Sales Executive",39,51,6118,61.18,0.0,0.0,6179.18,6179.18
SN00465,27,Male,"Research & Development","Research Scientist",41,54,2566,25.66,0.0,0.0,2591.66,2591.66
SN00466,44,Female,"Research & Development","Healthcare Representative",47,60,10248,512.40,0.0,0.0,10760.40,10760.40
SN00467,23,Male,"Research & Development","Research Scientist",43,56,2819,28.19,0.0,0.0,2847.19,2847.19
SN00468,43,Male,"Research & Development","Research Scientist",43,56,2089,20.89,0.0,0.0,2109.89,2109.89
SN00470,27,Female,"Research & Development","Research Scientist",31,49,4774,47.74,0.0,0.0,4821.74,4821.74
SN00472,32,Male,"Research & Development","Research Scientist",30,47,3038,30.38,0.0,0.0,3068.38,3068.38
SN00473,30,Female,Sales,"Sales Executive",30,50,9419,94.19,0.0,0.0,9513.19,9513.19
SN00474,37,Male,Sales,"Sales Executive",41,50,7642,76.42,0.0,0.0,7718.42,7718.42
SN00475,30,Male,"Research & Development","Laboratory Technician",45,61,3072,153.60,0.0,0.0,3225.60,3225.60
SN00476,38,Female,Sales,"Sales Executive",40,54,4028,40.28,0.0,0.0,4068.28,4068.28
SN00477,33,Male,Sales,"Sales Executive",46,60,5505,275.25,0.0,0.0,5780.25,5780.25
SN00480,43,Male,"Research & Development","Laboratory Technician",46,56,5679,56.79,0.0,0.0,5735.79,5735.79
SN00481,32,Male,"Research & Development","Research Scientist",46,56,6220,62.20,0.0,0.0,6282.20,6282.20
SN00482,31,Male,"Research & Development","Laboratory Technician",30,50,3477,34.77,0.0,0.0,3511.77,3511.77
SN00483,52,Female,"Research & Development","Laboratory Technician",43,56,3149,31.49,0.0,0.0,3180.49,3180.49
SN00484,44,Female,Sales,"Sales Executive",33,50,13320,133.20,0.0,0.0,13453.20,13453.20
SN00485,29,Female,"Research & Development","Laboratory Technician",51,63,2532,126.60,0.0,253.2,2658.60,2911.80
SN00493,37,Male,"Research & Development","Research Director",32,45,12185,121.85,0.0,0.0,12306.85,12306.85
SN00494,38,Female,"Research & Development","Laboratory Technician",52,63,3306,165.30,0.0,330.6,3471.30,3801.90
SN00496,33,Female,"Research & Development","Research Scientist",47,63,2756,137.80,0.0,0.0,2893.80,2893.80
SN00497,27,Female,"Research & Development","Laboratory Technician",50,68,2341,117.05,0.0,234.1,2458.05,2692.15
SN00498,32,Female,"Research & Development","Manufacturing Director",36,51,6725,67.25,0.0,0.0,6792.25,6792.25
SN00500,36,Female,"Research & Development","Research Scientist",47,59,3419,34.19,0.0,0.0,3453.19,3453.19
SN00502,42,Male,"Research & Development","Research Scientist",28,44,2936,29.36,0.0,0.0,2965.36,2965.36
SN00504,30,Male,"Research & Development","Laboratory Technician",52,69,3748,187.40,0.0,374.8,3935.40,4310.20
SN00506,52,Male,"Research & Development","Research Scientist",48,56,5577,55.77,0.0,0.0,5632.77,5632.77
SN00507,54,Female,"Research & Development","Manufacturing Director",38,52,10502,105.02,0.0,0.0,10607.02,10607.02
SN00510,55,Male,"Human Resources",Manager,28,43,19636,196.36,0.0,0.0,19832.36,19832.36
SN00511,42,Female,"Human Resources",Manager,46,59,16799,167.99,0.0,0.0,16966.99,16966.99
SN00513,40,Female,Sales,"Sales Executive",34,53,6852,68.52,0.0,0.0,6920.52,6920.52
SN00514,31,Female,"Research & Development","Manufacturing Director",44,53,5238,52.38,0.0,0.0,5290.38,5290.38
SN00517,32,Female,Sales,"Sales Representative",44,53,2827,28.27,0.0,0.0,2855.27,2855.27
SN00518,38,Male,"Human Resources","Human Resources",48,59,2592,25.92,0.0,0.0,2617.92,2617.92
SN00519,22,Female,"Research & Development","Research Scientist",28,43,2244,22.44,0.0,0.0,2266.44,2266.44
SN00520,22,Male,"Research & Development","Laboratory Technician",44,54,2451,24.51,0.0,0.0,2475.51,2475.51
SN00521,27,Female,"Research & Development","Laboratory Technician",31,50,2811,28.11,0.0,0.0,2839.11,2839.11
SN00522,38,Female,Sales,"Sales Representative",45,60,5405,270.25,0.0,0.0,5675.25,5675.25
SN00523,29,Male,"Research & Development","Manufacturing Director",41,49,4262,42.62,0.0,0.0,4304.62,4304.62
SN00525,31,Female,"Research & Development","Manufacturing Director",38,53,4424,44.24,0.0,0.0,4468.24,4468.24
SN00526,55,Male,"Research & Development","Healthcare Representative",46,55,13577,135.77,0.0,0.0,13712.77,13712.77
SN00527,59,Male,"Human Resources","Human Resources",33,49,2267,22.67,0.0,0.0,2289.67,2289.67
SN00528,48,Female,Sales,"Sales Executive",30,47,4051,40.51,0.0,0.0,4091.51,4091.51
SN00529,43,Male,"Research & Development","Laboratory Technician",27,45,2258,22.58,0.0,0.0,2280.58,2280.58
SN00531,33,Male,"Research & Development","Research Scientist",40,52,2500,25.00,0.0,0.0,2525.00,2525.00
SN00532,53,Female,Sales,Manager,46,55,15427,154.27,0.0,0.0,15581.27,15581.27
SN00533,46,Male,Sales,"Sales Executive",47,58,7991,79.91,0.0,0.0,8070.91,8070.91
SN00534,31,Female,"Human Resources","Human Resources",46,56,2109,21.09,0.0,0.0,2130.09,2130.09
SN00535,38,Male,"Research & Development","Research Director",45,58,11510,115.10,0.0,0.0,11625.10,11625.10
SN00536,55,Male,"Research & Development","Research Director",50,62,14732,736.60,0.0,1473.2,15468.60,16941.80
SN00537,60,Male,Sales,"Sales Executive",47,59,5220,52.20,0.0,0.0,5272.20,5272.20
SN00540,46,Male,Sales,"Sales Executive",46,59,10368,103.68,0.0,0.0,10471.68,10471.68
SN00543,33,Female,Sales,"Sales Executive",45,59,4539,45.39,0.0,0.0,4584.39,4584.39
SN00544,40,Male,"Research & Development","Healthcare Representative",39,54,4069,40.69,0.0,0.0,4109.69,4109.69
SN00548,33,Female,"Research & Development","Healthcare Representative",48,57,6949,69.49,0.0,0.0,7018.49,7018.49
SN00552,48,Male,"Research & Development","Healthcare Representative",27,40,4240,42.40,0.0,0.0,4282.40,4282.40
SN00553,54,Female,"Research & Development","Research Scientist",31,48,6854,68.54,0.0,0.0,6922.54,6922.54
SN00555,43,Male,"Research & Development","Research Scientist",37,51,2438,24.38,0.0,0.0,2462.38,2462.38
SN00556,29,Male,"Research & Development","Healthcare Representative",45,56,6384,63.84,0.0,0.0,6447.84,6447.84
SN00557,34,Female,"Research & Development","Research Scientist",33,49,2029,20.29,0.0,0.0,2049.29,2049.29
SN00559,27,Female,"Research & Development","Research Scientist",30,43,3517,35.17,0.0,0.0,3552.17,3552.17
SN00561,39,Female,"Research & Development","Manufacturing Director",47,55,12742,127.42,0.0,0.0,12869.42,12869.42
SN00563,59,Male,"Research & Development","Manufacturing Director",54,72,10512,11563.20,0.0,1051.2,22075.20,23126.40
SN00564,31,Male,Sales,Manager,43,56,11557,115.57,0.0,0.0,11672.57,11672.57
SN00566,34,Female,Sales,"Sales Executive",43,55,6538,65.38,0.0,0.0,6603.38,6603.38
SN00567,31,Male,Sales,"Sales Representative",38,50,2329,23.29,0.0,0.0,2352.29,2352.29
SN00568,53,Female,Sales,"Sales Executive",40,51,7525,75.25,0.0,0.0,7600.25,7600.25
SN00569,41,Female,"Research & Development","Manufacturing Director",47,56,13570,135.70,0.0,0.0,13705.70,13705.70
SN00570,54,Female,"Research & Development","Manufacturing Director",41,50,10739,107.39,0.0,0.0,10846.39,10846.39
SN00571,30,Male,"Research & Development","Laboratory Technician",43,56,2097,20.97,0.0,0.0,2117.97,2117.97
SN00572,49,Male,"Research & Development","Healthcare Representative",39,52,10965,109.65,0.0,0.0,11074.65,11074.65
SN00573,46,Female,"Research & Development","Manufacturing Director",47,62,4810,240.50,0.0,0.0,5050.50,5050.50
SN00574,36,Female,"Research & Development","Laboratory Technician",45,53,3038,30.38,0.0,0.0,3068.38,3068.38
SN00577,32,Female,"Research & Development","Research Scientist",32,52,6322,63.22,0.0,0.0,6385.22,6385.22
SN00578,29,Male,"Research & Development","Manufacturing Director",37,50,5056,50.56,0.0,0.0,5106.56,5106.56
SN00579,37,Male,"Research & Development","Research Scientist",45,57,3564,35.64,0.0,0.0,3599.64,3599.64
SN00581,51,Female,Sales,Manager,40,52,16307,163.07,0.0,0.0,16470.07,16470.07
SN00582,34,Female,"Research & Development","Research Scientist",43,55,4505,45.05,0.0,0.0,4550.05,4550.05
SN00583,40,Female,Sales,Manager,33,48,18041,180.41,0.0,0.0,18221.41,18221.41
SN00584,38,Male,"Human Resources","Human Resources",33,48,2991,29.91,0.0,0.0,3020.91,3020.91
SN00585,48,Male,"Research & Development","Manufacturing Director",39,50,7898,78.98,0.0,0.0,7976.98,7976.98
SN00586,42,Male,"Research & Development","Manufacturing Director",43,57,4434,44.34,0.0,0.0,4478.34,4478.34
SN00587,31,Female,"Research & Development","Research Director",35,51,11031,110.31,0.0,0.0,11141.31,11141.31
SN00591,42,Male,"Research & Development","Research Scientist",34,48,4332,43.32,0.0,0.0,4375.32,4375.32
SN00592,39,Female,"Research & Development","Manufacturing Director",31,49,10880,108.80,0.0,0.0,10988.80,10988.80
SN00593,22,Male,"Research & Development","Research Scientist",45,60,2773,138.65,0.0,0.0,2911.65,2911.65
SN00594,29,Female,"Research & Development","Laboratory Technician",43,53,4193,41.93,0.0,0.0,4234.93,4234.93
SN00595,43,Female,"Research & Development","Healthcare Representative",43,56,4522,45.22,0.0,0.0,4567.22,4567.22
SN00597,31,Female,"Research & Development","Healthcare Representative",32,47,5855,58.55,0.0,0.0,5913.55,5913.55
SN00599,38,Male,"Research & Development","Research Scientist",24,42,4771,47.71,0.0,0.0,4818.71,4818.71
SN00601,56,Female,"Research & Development",Manager,34,47,19943,199.43,0.0,0.0,20142.43,20142.43
SN00602,34,Female,Sales,"Sales Representative",46,56,2231,22.31,0.0,0.0,2253.31,2253.31
SN00603,31,Male,"Research & Development","Healthcare Representative",34,48,6833,68.33,0.0,0.0,6901.33,6901.33
SN00604,48,Male,"Research & Development",Manager,47,60,15202,760.10,0.0,0.0,15962.10,15962.10
SN00605,40,Male,"Research & Development","Research Director",45,60,19436,971.80,0.0,0.0,20407.80,20407.80
SN00606,40,Male,Sales,"Sales Executive",41,52,7457,74.57,0.0,0.0,7531.57,7531.57
SN00610,34,Male,"Research & Development","Research Scientist",36,49,2996,29.96,0.0,0.0,3025.96,3025.96
SN00611,40,Male,Sales,"Sales Executive",44,56,8396,83.96,0.0,0.0,8479.96,8479.96
SN00614,46,Female,Sales,Manager,30,45,16606,166.06,0.0,0.0,16772.06,16772.06
SN00615,27,Female,Sales,"Sales Executive",44,52,4647,46.47,0.0,0.0,4693.47,4693.47
SN00616,34,Female,"Research & Development","Research Director",50,64,11994,599.70,0.0,1199.4,12593.70,13793.10
SN00617,42,Male,"Research & Development","Healthcare Representative",51,68,6781,339.05,0.0,678.1,7120.05,7798.15
SN00619,37,Male,"Research & Development","Manufacturing Director",35,48,6347,63.47,0.0,0.0,6410.47,6410.47
SN00620,54,Female,"Research & Development","Laboratory Technician",47,54,3780,37.80,0.0,0.0,3817.80,3817.80
SN00621,49,Male,"Research & Development","Research Director",48,62,19502,975.10,0.0,0.0,20477.10,20477.10
SN00624,38,Female,"Research & Development","Research Scientist",44,57,2133,21.33,0.0,0.0,2154.33,2154.33
SN00625,36,Female,Sales,"Sales Executive",48,59,9278,92.78,0.0,0.0,9370.78,9370.78
SN00626,39,Male,"Research & Development","Research Scientist",37,49,4108,41.08,0.0,0.0,4149.08,4149.08
SN00627,46,Male,"Research & Development","Healthcare Representative",49,63,10673,533.65,0.0,0.0,11206.65,11206.65
SN00628,54,Female,"Research & Development","Research Director",43,56,17328,173.28,0.0,0.0,17501.28,17501.28
SN00629,45,Male,"Research & Development","Laboratory Technician",50,64,4447,222.35,0.0,444.7,4669.35,5114.05
SN00630,27,Female,Sales,"Sales Executive",48,56,5769,57.69,0.0,0.0,5826.69,5826.69
SN00631,45,Male,"Research & Development","Laboratory Technician",33,46,2348,23.48,0.0,0.0,2371.48,2371.48
SN00632,31,Female,Sales,"Sales Executive",44,58,5468,54.68,0.0,0.0,5522.68,5522.68
SN00633,27,Male,"Research & Development","Manufacturing Director",27,42,6142,61.42,0.0,0.0,6203.42,6203.42
SN00636,38,Female,Sales,"Sales Executive",29,45,5666,56.66,0.0,0.0,5722.66,5722.66
SN00637,30,Male,"Research & Development","Research Scientist",36,49,2862,28.62,0.0,0.0,2890.62,2890.62
SN00638,20,Female,"Research & Development","Research Scientist",24,40,2836,28.36,0.0,0.0,2864.36,2864.36
SN00639,38,Male,"Research & Development","Research Scientist",27,42,3057,30.57,0.0,0.0,3087.57,3087.57
SN00641,27,Male,"Research & Development","Research Scientist",23,39,2045,20.45,0.0,0.0,2065.45,2065.45
SN00642,36,Male,"Human Resources","Human Resources",45,54,2342,23.42,0.0,0.0,2365.42,2365.42
SN00643,42,Male,"Research & Development","Laboratory Technician",48,58,4841,48.41,0.0,0.0,4889.41,4889.41
SN00644,58,Male,"Research & Development","Research Director",45,56,15787,157.87,0.0,0.0,15944.87,15944.87
SN00645,33,Male,"Research & Development","Healthcare Representative",33,51,7119,71.19,0.0,0.0,7190.19,7190.19
SN00646,34,Female,"Research & Development",Manager,51,65,11631,581.55,0.0,1163.1,12212.55,13375.65
SN00649,41,Male,"Research & Development","Laboratory Technician",46,62,4766,238.30,0.0,0.0,5004.30,5004.30
SN00650,43,Male,Sales,Manager,46,55,16959,169.59,0.0,0.0,17128.59,17128.59
SN00653,31,Male,"Research & Development","Research Scientist",48,60,2657,132.85,0.0,0.0,2789.85,2789.85
SN00654,45,Male,"Research & Development","Healthcare Representative",30,50,13496,134.96,0.0,0.0,13630.96,13630.96
SN00655,33,Male,"Human Resources","Human Resources",51,64,2277,113.85,0.0,227.7,2390.85,2618.55
SN00656,32,Male,Sales,"Sales Executive",46,61,6209,310.45,0.0,0.0,6519.45,6519.45
SN00657,34,Male,"Research & Development","Manufacturing Director",45,56,4033,40.33,0.0,0.0,4073.33,4073.33
SN00658,40,Male,Sales,"Sales Executive",32,50,4327,43.27,0.0,0.0,4370.27,4370.27
SN00659,34,Male,Sales,"Sales Executive",41,52,4568,45.68,0.0,0.0,4613.68,4613.68
SN00660,33,Male,"Research & Development","Research Scientist",37,52,3055,30.55,0.0,0.0,3085.55,3085.55
SN00661,32,Male,Sales,"Sales Executive",48,59,4078,40.78,0.0,0.0,4118.78,4118.78
SN00662,20,Male,Sales,"Sales Representative",30,48,2678,26.78,0.0,0.0,2704.78,2704.78
SN00663,36,Female,"Research & Development","Manufacturing Director",30,47,8858,88.58,0.0,0.0,8946.58,8946.58
SN00664,27,Male,"Research & Development","Laboratory Technician",46,54,3468,34.68,0.0,0.0,3502.68,3502.68
SN00666,37,Male,Sales,"Sales Executive",38,49,4189,41.89,0.0,0.0,4230.89,4230.89
SN00667,46,Female,Sales,Manager,30,50,16872,168.72,0.0,0.0,17040.72,17040.72
SN00668,45,Female,"Research & Development","Manufacturing Director",45,58,5770,57.70,0.0,0.0,5827.70,5827.70
SN00669,34,Male,Sales,"Sales Executive",44,54,9713,97.13,0.0,0.0,9810.13,9810.13
SN00673,40,Female,"Research & Development","Research Director",44,60,13499,674.95,0.0,0.0,14173.95,14173.95
SN00675,39,Male,"Research & Development","Healthcare Representative",50,60,9613,480.65,0.0,961.3,10093.65,11054.95
SN00677,33,Female,"Research & Development",Manager,37,52,11878,118.78,0.0,0.0,11996.78,11996.78
SN00678,19,Female,"Research & Development","Laboratory Technician",43,57,1483,14.83,0.0,0.0,1497.83,1497.83
SN00679,34,Female,"Research & Development","Research Scientist",37,52,3280,32.80,0.0,0.0,3312.80,3312.80
SN00681,39,Male,"Research & Development","Manufacturing Director",44,58,5377,53.77,0.0,0.0,5430.77,5430.77
SN00682,31,Female,"Research & Development","Manufacturing Director",29,44,4148,41.48,0.0,0.0,4189.48,4189.48
SN00683,27,Male,"Research & Development","Research Scientist",26,41,2539,25.39,0.0,0.0,2564.39,2564.39
SN00684,34,Male,"Research & Development","Research Scientist",49,63,2972,148.60,0.0,0.0,3120.60,3120.60
SN00685,24,Male,Sales,"Sales Representative",47,57,2400,24.00,0.0,0.0,2424.00,2424.00
SN00686,51,Female,"Research & Development","Manufacturing Director",31,43,13142,131.42,0.0,0.0,13273.42,13273.42
SN00687,50,Male,"Research & Development",Manager,47,60,17924,896.20,0.0,0.0,18820.20,18820.20
SN00688,31,Male,"Research & Development","Laboratory Technician",46,55,2218,22.18,0.0,0.0,2240.18,2240.18
SN00689,36,Male,"Research & Development","Manufacturing Director",41,50,8847,88.47,0.0,0.0,8935.47,8935.47
SN00690,27,Male,Sales,"Sales Executive",46,54,4478,44.78,0.0,0.0,4522.78,4522.78
SN00691,38,Male,"Research & Development","Research Scientist",47,56,3944,39.44,0.0,0.0,3983.44,3983.44
SN00692,40,Male,Sales,"Sales Executive",37,48,9705,97.05,0.0,0.0,9802.05,9802.05
SN00693,43,Female,"Research & Development","Research Scientist",43,57,2645,26.45,0.0,0.0,2671.45,2671.45
SN00694,27,Male,"Research & Development","Research Scientist",32,47,2517,25.17,0.0,0.0,2542.17,2542.17
SN00696,27,Female,"Research & Development","Laboratory Technician",45,58,2379,23.79,0.0,0.0,2402.79,2402.79
SN00698,34,Female,"Research & Development","Laboratory Technician",30,47,4444,44.44,0.0,0.0,4488.44,4488.44
SN00699,27,Male,"Research & Development","Manufacturing Director",46,60,8793,439.65,0.0,0.0,9232.65,9232.65
SN00700,59,Male,Sales,Manager,30,43,11904,119.04,0.0,0.0,12023.04,12023.04
SN00701,44,Male,"Research & Development","Manufacturing Director",37,52,10209,102.09,0.0,0.0,10311.09,10311.09
SN00702,31,Male,"Research & Development","Research Director",44,60,13675,683.75,0.0,0.0,14358.75,14358.75
SN00703,23,Male,"Research & Development","Research Scientist",39,52,2073,20.73,0.0,0.0,2093.73,2093.73
SN00704,38,Female,"Research & Development","Healthcare Representative",50,61,8823,441.15,0.0,882.3,9264.15,10146.45
SN00705,43,Male,"Research & Development","Research Director",45,54,16627,166.27,0.0,0.0,16793.27,16793.27
SN00706,32,Female,Sales,"Sales Executive",41,56,8998,89.98,0.0,0.0,9087.98,9087.98
SN00708,19,Male,"Research & Development","Research Scientist",48,63,2552,127.60,0.0,0.0,2679.60,2679.60
SN00709,45,Male,Sales,"Sales Executive",38,48,10761,107.61,0.0,0.0,10868.61,10868.61
SN00711,36,Male,Sales,"Sales Executive",27,43,7587,75.87,0.0,0.0,7662.87,7662.87
SN00712,43,Male,"Research & Development","Healthcare Representative",30,46,7510,75.10,0.0,0.0,7585.10,7585.10
SN00713,22,Male,"Research & Development","Laboratory Technician",37,51,2935,29.35,0.0,0.0,2964.35,2964.35
SN00715,36,Female,"Research & Development","Manufacturing Director",34,50,5410,54.10,0.0,0.0,5464.10,5464.10
SN00717,36,Female,"Research & Development","Manufacturing Director",48,57,5131,51.31,0.0,0.0,5182.31,5182.31
SN00718,52,Male,"Research & Development",Manager,48,63,19999,999.95,0.0,0.0,20998.95,20998.95
SN00719,32,Female,"Research & Development","Research Scientist",44,55,3312,33.12,0.0,0.0,3345.12,3345.12
SN00720,39,Male,"Research & Development","Healthcare Representative",34,49,10920,109.20,0.0,0.0,11029.20,11029.20
SN00721,52,Male,Sales,"Sales Representative",43,52,3482,34.82,0.0,0.0,3516.82,3516.82
SN00722,32,Male,"Research & Development","Research Scientist",44,58,3433,34.33,0.0,0.0,3467.33,3467.33
SN00723,34,Female,"Research & Development","Research Scientist",43,52,2553,25.53,0.0,0.0,2578.53,2578.53
SN00724,31,Female,"Research & Development","Research Scientist",23,38,3929,39.29,0.0,0.0,3968.29,3968.29
SN00725,18,Female,Sales,"Sales Representative",37,48,1200,12.00,0.0,0.0,1212.00,1212.00
SN00726,21,Male,Sales,"Sales Representative",39,51,3447,34.47,0.0,0.0,3481.47,3481.47
SN00727,36,Female,"Research & Development","Research Scientist",30,46,6962,69.62,0.0,0.0,7031.62,7031.62
SN00728,24,Male,"Research & Development","Laboratory Technician",33,48,3907,39.07,0.0,0.0,3946.07,3946.07
SN00729,34,Female,"Research & Development","Research Scientist",47,58,2929,29.29,0.0,0.0,2958.29,2958.29
SN00733,58,Female,"Research & Development","Research Scientist",46,57,3346,33.46,0.0,0.0,3379.46,3379.46
SN00734,32,Male,"Research & Development","Research Scientist",47,61,3298,164.90,0.0,0.0,3462.90,3462.90
SN00735,29,Female,"Research & Development","Laboratory Technician",43,57,3180,31.80,0.0,0.0,3211.80,3211.80
SN00736,29,Male,Sales,"Sales Representative",53,66,2642,132.10,0.0,264.2,2774.10,3038.30
SN00737,44,Male,"Research & Development","Research Scientist",26,41,2559,25.59,0.0,0.0,2584.59,2584.59
SN00739,36,Female,Sales,"Sales Executive",47,56,5647,56.47,0.0,0.0,5703.47,5703.47
SN00740,46,Male,"Research & Development","Healthcare Representative",47,59,5562,55.62,0.0,0.0,5617.62,5617.62
SN00741,40,Male,"Research & Development","Research Scientist",48,62,4661,233.05,0.0,0.0,4894.05,4894.05
SN00742,31,Male,"Research & Development","Research Scientist",46,54,3065,30.65,0.0,0.0,3095.65,3095.65
SN00743,55,Male,"Research & Development","Laboratory Technician",47,64,5415,270.75,0.0,0.0,5685.75,5685.75
SN00745,59,Male,"Research & Development","Research Scientist",50,71,2177,2394.70,0.0,217.7,4571.70,4789.40
SN00747,30,Male,Sales,"Sales Representative",45,56,2983,29.83,0.0,0.0,3012.83,3012.83
SN00748,32,Male,Sales,"Sales Representative",30,50,2269,22.69,0.0,0.0,2291.69,2291.69
SN00752,40,Male,"Research & Development","Research Scientist",44,54,2345,23.45,0.0,0.0,2368.45,2368.45
SN00754,33,Female,Sales,"Sales Executive",33,49,5147,51.47,0.0,0.0,5198.47,5198.47
SN00755,42,Male,"Research & Development",Manager,31,48,18880,188.80,0.0,0.0,19068.80,19068.80
SN00756,36,Male,"Research & Development","Laboratory Technician",51,71,2519,2770.90,0.0,251.9,5289.90,5541.80
SN00757,48,Female,"Research & Development",Manager,43,55,17174,171.74,0.0,0.0,17345.74,17345.74
SN00758,49,Female,"Research & Development","Research Scientist",41,53,3580,35.80,0.0,0.0,3615.80,3615.80
SN00759,43,Male,"Human Resources","Human Resources",52,63,3539,176.95,0.0,353.9,3715.95,4069.85
SN00760,37,Male,"Research & Development","Manufacturing Director",33,47,5768,57.68,0.0,0.0,5825.68,5825.68
SN00761,45,Female,"Research & Development","Research Director",32,50,16704,167.04,0.0,0.0,16871.04,16871.04
SN00764,22,Male,"Research & Development","Research Scientist",55,70,2323,2555.30,0.0,232.3,4878.30,5110.60
SN00765,56,Male,"Human Resources",Manager,51,63,19717,985.85,0.0,1971.7,20702.85,22674.55
SN00767,49,Male,Sales,"Sales Executive",47,59,13120,131.20,0.0,0.0,13251.20,13251.20
SN00768,24,Male,"Human Resources","Human Resources",34,48,2145,21.45,0.0,0.0,2166.45,2166.45
SN00769,46,Male,"Research & Development","Manufacturing Director",47,56,7379,73.79,0.0,0.0,7452.79,7452.79
SN00771,53,Male,Sales,"Sales Representative",45,56,2306,23.06,0.0,0.0,2329.06,2329.06
SN00772,45,Female,"Research & Development","Manufacturing Director",37,52,5906,59.06,0.0,0.0,5965.06,5965.06
SN00773,33,Male,"Research & Development","Healthcare Representative",37,49,7725,77.25,0.0,0.0,7802.25,7802.25
SN00774,46,Male,Sales,Manager,49,63,17567,878.35,0.0,0.0,18445.35,18445.35
SN00776,34,Female,"Research & Development","Research Scientist",43,55,4809,48.09,0.0,0.0,4857.09,4857.09
SN00777,24,Male,"Research & Development","Laboratory Technician",52,65,2694,134.70,0.0,269.4,2828.70,3098.10
SN00779,45,Male,Sales,"Sales Executive",40,52,4385,43.85,0.0,0.0,4428.85,4428.85
SN00782,41,Male,Sales,"Sales Executive",32,50,8392,83.92,0.0,0.0,8475.92,8475.92
SN00784,36,Female,"Research & Development","Laboratory Technician",39,50,2153,21.53,0.0,0.0,2174.53,2174.53
SN00785,23,Male,"Research & Development","Laboratory Technician",51,70,2647,2911.70,0.0,264.7,5558.70,5823.40
SN00787,38,Male,"Research & Development","Manufacturing Director",32,49,9526,95.26,0.0,0.0,9621.26,9621.26
SN00788,31,Female,"Research & Development","Research Director",45,58,16422,164.22,0.0,0.0,16586.22,16586.22
SN00789,43,Male,Sales,"Sales Executive",48,62,5675,283.75,0.0,0.0,5958.75,5958.75
SN00791,45,Male,Sales,"Sales Executive",48,56,4805,48.05,0.0,0.0,4853.05,4853.05
SN00792,42,Female,"Research & Development","Research Scientist",29,44,6545,65.45,0.0,0.0,6610.45,6610.45
SN00793,31,Female,"Research & Development","Healthcare Representative",34,52,6812,68.12,0.0,0.0,6880.12,6880.12
SN00795,32,Female,"Research & Development","Laboratory Technician",37,49,2743,27.43,0.0,0.0,2770.43,2770.43
SN00797,30,Male,"Research & Development","Research Scientist",45,55,3761,37.61,0.0,0.0,3798.61,3798.61
SN00798,23,Male,"Research & Development","Research Scientist",38,52,2904,29.04,0.0,0.0,2933.04,2933.04
SN00799,38,Male,"Research & Development","Healthcare Representative",36,48,5811,58.11,0.0,0.0,5869.11,5869.11
SN00800,32,Male,"Research & Development","Laboratory Technician",49,60,2176,108.80,0.0,0.0,2284.80,2284.80
SN00801,40,Female,"Research & Development","Research Scientist",39,53,5605,56.05,0.0,0.0,5661.05,5661.05
SN00802,37,Female,"Research & Development","Manufacturing Director",32,48,6447,64.47,0.0,0.0,6511.47,6511.47
SN00803,24,Male,"Research & Development","Laboratory Technician",33,46,3162,31.62,0.0,0.0,3193.62,3193.62
SN00804,40,Male,"Research & Development","Research Scientist",32,49,2809,28.09,0.0,0.0,2837.09,2837.09
SN00805,36,Male,"Research & Development","Laboratory Technician",46,58,2810,28.10,0.0,0.0,2838.10,2838.10
SN00806,23,Male,"Research & Development","Laboratory Technician",33,50,2500,25.00,0.0,0.0,2525.00,2525.00
SN00808,42,Female,"Research & Development","Healthcare Representative",50,63,4089,204.45,0.0,408.9,4293.45,4702.35
SN00809,29,Male,"Human Resources","Human Resources",45,53,2804,28.04,0.0,0.0,2832.04,2832.04
SN00811,30,Male,"Research & Development","Laboratory Technician",45,59,2720,27.20,0.0,0.0,2747.20,2747.20
SN00812,30,Female,Sales,"Sales Executive",50,67,6577,328.85,0.0,657.7,6905.85,7563.55
SN00813,42,Male,"Research & Development",Manager,46,57,17861,178.61,0.0,0.0,18039.61,18039.61
SN00814,42,Male,Sales,"Sales Executive",48,61,5087,254.35,0.0,0.0,5341.35,5341.35
SN00817,40,Female,"Research & Development",Manager,36,50,19033,190.33,0.0,0.0,19223.33,19223.33
SN00818,49,Female,"Research & Development","Laboratory Technician",48,60,3211,160.55,0.0,0.0,3371.55,3371.55
SN00821,30,Female,"Research & Development","Research Scientist",48,62,2632,131.60,0.0,0.0,2763.60,2763.60
SN00822,50,Female,Sales,"Sales Executive",45,54,6347,63.47,0.0,0.0,6410.47,6410.47
SN00824,42,Female,"Research & Development","Manufacturing Director",51,64,5265,263.25,0.0,526.5,5528.25,6054.75
SN00825,33,Male,"Research & Development","Research Scientist",52,63,2781,139.05,0.0,278.1,2920.05,3198.15
SN00826,50,Male,"Research & Development","Research Director",52,63,19144,957.20,0.0,1914.4,20101.20,22015.60
SN00829,39,Male,"Research & Development",Manager,43,54,19197,191.97,0.0,0.0,19388.97,19388.97
SN00831,55,Male,"Research & Development","Research Scientist",28,44,3537,35.37,0.0,0.0,3572.37,3572.37
SN00832,34,Male,"Research & Development","Research Scientist",45,59,3815,38.15,0.0,0.0,3853.15,3853.15
SN00834,33,Female,"Research & Development","Research Scientist",33,50,2911,29.11,0.0,0.0,2940.11,2940.11
SN00838,36,Male,Sales,"Sales Executive",40,50,7596,75.96,0.0,0.0,7671.96,7671.96
SN00839,30,Female,"Research & Development","Manufacturing Director",45,59,9667,96.67,0.0,0.0,9763.67,9763.67
SN00840,45,Female,"Research & Development","Research Scientist",30,48,4477,44.77,0.0,0.0,4521.77,4521.77
SN00841,54,Female,Sales,"Sales Executive",48,60,5940,297.00,0.0,0.0,6237.00,6237.00
SN00842,32,Male,Sales,"Sales Executive",46,58,6524,65.24,0.0,0.0,6589.24,6589.24
SN00843,49,Male,"Research & Development","Research Scientist",44,57,5130,51.30,0.0,0.0,5181.30,5181.30
SN00844,54,Female,"Human Resources",Manager,43,55,17328,173.28,0.0,0.0,17501.28,17501.28
SN00846,31,Female,"Research & Development","Laboratory Technician",51,61,1129,56.45,0.0,112.9,1185.45,1298.35
SN00847,41,Male,Sales,"Sales Executive",46,59,6151,61.51,0.0,0.0,6212.51,6212.51
SN00850,42,Male,"Research & Development","Laboratory Technician",47,62,2093,104.65,0.0,0.0,2197.65,2197.65
SN00852,38,Female,"Research & Development","Laboratory Technician",51,63,2468,123.40,0.0,246.8,2591.40,2838.20
SN00856,40,Female,"Research & Development","Healthcare Representative",43,56,4448,44.48,0.0,0.0,4492.48,4492.48
SN00858,37,Female,Sales,"Sales Representative",46,53,2973,29.73,0.0,0.0,3002.73,3002.73
SN00860,33,Male,"Research & Development","Research Scientist",29,45,3143,31.43,0.0,0.0,3174.43,3174.43
SN00861,18,Female,"Research & Development","Laboratory Technician",45,61,1611,80.55,0.0,0.0,1691.55,1691.55
SN00862,52,Female,"Research & Development","Manufacturing Director",45,53,13826,138.26,0.0,0.0,13964.26,13964.26
SN00863,42,Male,"Research & Development","Research Scientist",36,51,2515,25.15,0.0,0.0,2540.15,2540.15
SN00864,27,Female,"Research & Development","Research Scientist",48,62,3445,172.25,0.0,0.0,3617.25,3617.25
SN00865,37,Female,"Research & Development","Research Director",30,45,13744,137.44,0.0,0.0,13881.44,13881.44
SN00866,49,Female,Sales,"Sales Executive",26,42,4507,45.07,0.0,0.0,4552.07,4552.07
SN00867,41,Female,Sales,"Sales Executive",48,59,4393,43.93,0.0,0.0,4436.93,4436.93
SN00868,37,Female,Sales,"Sales Executive",52,66,6694,334.70,0.0,669.4,7028.70,7698.10
SN00871,53,Male,"Research & Development","Laboratory Technician",46,61,2450,122.50,0.0,0.0,2572.50,2572.50
SN00872,38,Female,"Research & Development","Research Director",45,56,13582,135.82,0.0,0.0,13717.82,13717.82
SN00873,37,Female,"Research & Development","Research Scientist",45,58,2782,27.82,0.0,0.0,2809.82,2809.82
SN00874,30,Male,Sales,"Sales Executive",48,59,9250,92.50,0.0,0.0,9342.50,9342.50
SN00875,41,Male,"Research & Development","Laboratory Technician",35,50,2289,22.89,0.0,0.0,2311.89,2311.89
SN00876,36,Male,"Research & Development","Healthcare Representative",44,54,6842,68.42,0.0,0.0,6910.42,6910.42
SN00877,34,Female,"Research & Development","Healthcare Representative",48,56,8621,86.21,0.0,0.0,8707.21,8707.21
SN00880,47,Female,Sales,Manager,40,52,15972,159.72,0.0,0.0,16131.72,16131.72
SN00882,34,Female,Sales,"Sales Executive",43,55,8103,81.03,0.0,0.0,8184.03,8184.03
SN00883,31,Male,Sales,"Sales Executive",49,62,5460,273.00,0.0,0.0,5733.00,5733.00
SN00884,54,Female,"Research & Development","Research Director",46,59,13549,135.49,0.0,0.0,13684.49,13684.49
SN00885,47,Male,"Research & Development","Research Scientist",34,51,3420,34.20,0.0,0.0,3454.20,3454.20
SN00887,55,Male,"Research & Development","Research Director",36,47,19038,190.38,0.0,0.0,19228.38,19228.38
SN00888,50,Male,"Research & Development","Laboratory Technician",48,61,2380,119.00,0.0,0.0,2499.00,2499.00
SN00889,33,Male,"Human Resources","Human Resources",30,46,3600,36.00,0.0,0.0,3636.00,3636.00
SN00890,44,Female,"Research & Development","Research Scientist",50,61,2011,100.55,0.0,201.1,2111.55,2312.65
SN00891,48,Male,Sales,"Sales Executive",47,58,5486,54.86,0.0,0.0,5540.86,5540.86
SN00892,22,Male,"Research & Development","Research Scientist",33,49,2328,23.28,0.0,0.0,2351.28,2351.28
SN00893,54,Male,"Research & Development","Research Director",50,62,19406,970.30,0.0,1940.6,20376.30,22316.90
SN00894,34,Male,"Research & Development","Healthcare Representative",29,45,7756,77.56,0.0,0.0,7833.56,7833.56
SN00897,50,Male,"Research & Development","Research Director",32,47,19237,192.37,0.0,0.0,19429.37,19429.37
SN00899,32,Male,Sales,"Sales Executive",34,48,9610,96.10,0.0,0.0,9706.10,9706.10
SN00900,41,Male,"Research & Development","Research Scientist",51,62,2127,106.35,0.0,212.7,2233.35,2446.05
SN00901,38,Male,Sales,"Sales Representative",48,54,2899,28.99,0.0,0.0,2927.99,2927.99
SN00903,41,Female,Sales,"Sales Executive",31,46,4103,41.03,0.0,0.0,4144.03,4144.03
SN00906,58,Male,Sales,"Sales Executive",26,43,13872,138.72,0.0,0.0,14010.72,14010.72
SN00907,48,Male,"Research & Development",Manager,45,55,16885,168.85,0.0,0.0,17053.85,17053.85
SN00908,52,Male,"Research & Development","Manufacturing Director",50,64,7969,398.45,0.0,796.9,8367.45,9164.35
SN00909,53,Female,Sales,"Sales Executive",41,52,8381,83.81,0.0,0.0,8464.81,8464.81
SN00910,49,Female,"Research & Development","Laboratory Technician",48,56,4789,47.89,0.0,0.0,4836.89,4836.89
SN00914,27,Male,"Research & Development","Manufacturing Director",27,44,4298,42.98,0.0,0.0,4340.98,4340.98
SN00916,44,Female,Sales,"Sales Executive",52,63,4768,238.40,0.0,476.8,5006.40,5483.20
SN00918,27,Male,"Research & Development","Laboratory Technician",45,57,2099,20.99,0.0,0.0,2119.99,2119.99
SN00919,52,Female,"Research & Development","Laboratory Technician",48,58,3212,32.12,0.0,0.0,3244.12,3244.12
SN00923,40,Female,"Research & Development","Laboratory Technician",48,57,3448,34.48,0.0,0.0,3482.48,3482.48
SN00924,47,Female,"Research & Development",Manager,43,54,16752,167.52,0.0,0.0,16919.52,16919.52
SN00926,50,Male,"Research & Development","Research Director",39,53,14411,144.11,0.0,0.0,14555.11,14555.11
SN00928,21,Male,"Research & Development","Research Scientist",30,49,3117,31.17,0.0,0.0,3148.17,3148.17
SN00929,27,Male,"Research & Development","Research Scientist",46,59,2226,22.26,0.0,0.0,2248.26,2248.26
SN00930,48,Male,Sales,"Sales Executive",47,58,8120,81.20,0.0,0.0,8201.20,8201.20
SN00931,36,Female,"Research & Development","Healthcare Representative",39,49,10096,100.96,0.0,0.0,10196.96,10196.96
SN00933,36,Male,"Research & Development","Laboratory Technician",47,62,2013,100.65,0.0,0.0,2113.65,2113.65
SN00934,30,Male,"Human Resources","Human Resources",48,61,2064,103.20,0.0,0.0,2167.20,2167.20
SN00935,48,Female,"Research & Development",Manager,45,54,15402,154.02,0.0,0.0,15556.02,15556.02
SN00936,55,Female,"Research & Development",Manager,34,52,16659,166.59,0.0,0.0,16825.59,16825.59
SN00937,55,Male,"Research & Development","Research Director",47,60,18722,936.10,0.0,0.0,19658.10,19658.10
SN00938,34,Female,Sales,"Sales Representative",39,51,2220,22.20,0.0,0.0,2242.20,2242.20
SN00941,54,Female,"Research & Development",Manager,32,49,16032,160.32,0.0,0.0,16192.32,16192.32
SN00942,42,Male,"Human Resources","Human Resources",45,54,6272,62.72,0.0,0.0,6334.72,6334.72
SN00943,29,Male,"Research & Development","Laboratory Technician",34,48,3983,39.83,0.0,0.0,4022.83,4022.83
SN00944,47,Female,Sales,"Sales Executive",25,42,4163,41.63,0.0,0.0,4204.63,4204.63
SN00945,42,Female,Sales,"Sales Executive",30,49,13525,135.25,0.0,0.0,13660.25,13660.25
SN00947,51,Female,"Research & Development",Manager,41,52,13116,131.16,0.0,0.0,13247.16,13247.16
SN00948,33,Female,"Research & Development","Research Director",32,52,16184,161.84,0.0,0.0,16345.84,16345.84
SN00950,21,Female,"Research & Development","Research Scientist",55,69,2070,103.50,0.0,207.0,2173.50,2380.50
SN00951,36,Male,"Research & Development","Laboratory Technician",50,65,3210,160.50,0.0,321.0,3370.50,3691.50
SN00952,43,Female,"Research & Development","Research Scientist",46,54,4081,40.81,0.0,0.0,4121.81,4121.81
SN00953,49,Male,"Research & Development","Manufacturing Director",30,42,6804,68.04,0.0,0.0,6872.04,6872.04
SN00954,27,Male,"Research & Development","Research Scientist",29,44,2024,20.24,0.0,0.0,2044.24,2044.24
SN00957,30,Male,Sales,"Sales Executive",30,48,7264,72.64,0.0,0.0,7336.64,7336.64
SN00958,42,Male,"Research & Development",Manager,33,49,19613,196.13,0.0,0.0,19809.13,19809.13
SN00959,23,Male,"Research & Development","Research Scientist",46,59,3505,35.05,0.0,0.0,3540.05,3540.05
SN00961,24,Female,Sales,"Sales Executive",46,55,4162,41.62,0.0,0.0,4203.62,4203.62
SN00962,29,Male,"Research & Development","Research Scientist",33,49,2451,24.51,0.0,0.0,2475.51,2475.51
SN00965,43,Male,Sales,"Sales Executive",45,62,10798,539.90,0.0,0.0,11337.90,11337.90
SN00967,34,Female,Sales,"Sales Executive",37,52,6712,67.12,0.0,0.0,6779.12,6779.12
SN00969,51,Male,Sales,"Sales Executive",34,53,5441,54.41,0.0,0.0,5495.41,5495.41
SN00970,33,Male,Sales,"Sales Executive",38,52,5487,54.87,0.0,0.0,5541.87,5541.87
SN00971,59,Female,Sales,"Sales Executive",37,53,5171,51.71,0.0,0.0,5222.71,5222.71
SN00972,45,Male,Sales,"Sales Representative",43,58,6632,66.32,0.0,0.0,6698.32,6698.32
SN00975,32,Male,Sales,"Sales Executive",31,49,4465,44.65,0.0,0.0,4509.65,4509.65
SN00976,34,Male,"Research & Development","Laboratory Technician",41,55,2661,26.61,0.0,0.0,2687.61,2687.61
SN00977,43,Female,"Research & Development","Laboratory Technician",45,61,2455,122.75,0.0,0.0,2577.75,2577.75
SN00978,32,Female,"Research & Development","Manufacturing Director",44,57,6162,61.62,0.0,0.0,6223.62,6223.62
SN00979,40,Female,Sales,"Sales Executive",45,61,5715,285.75,0.0,0.0,6000.75,6000.75
SN00981,41,Male,"Research & Development","Research Scientist",39,51,2451,24.51,0.0,0.0,2475.51,2475.51
SN00983,24,Female,"Research & Development","Manufacturing Director",46,59,4011,40.11,0.0,0.0,4051.11,4051.11
SN00984,53,Male,Sales,"Sales Executive",44,57,11836,118.36,0.0,0.0,11954.36,11954.36
SN00985,47,Female,"Human Resources",Manager,41,52,19658,196.58,0.0,0.0,19854.58,19854.58
SN00987,34,Male,Sales,"Sales Executive",44,54,4001,40.01,0.0,0.0,4041.01,4041.01
SN00989,32,Female,Sales,"Sales Executive",46,54,10422,104.22,0.0,0.0,10526.22,10526.22
SN00990,41,Male,"Research & Development","Laboratory Technician",44,58,4721,47.21,0.0,0.0,4768.21,4768.21
SN00991,40,Male,"Research & Development","Research Scientist",30,43,3544,35.44,0.0,0.0,3579.44,3579.44
SN00992,51,Female,"Research & Development","Healthcare Representative",54,69,13734,686.70,0.0,1373.4,14420.70,15794.10
SN00994,52,Male,"Research & Development",Manager,32,46,17099,170.99,0.0,0.0,17269.99,17269.99
SN00995,54,Male,"Human Resources","Human Resources",26,42,10725,107.25,0.0,0.0,10832.25,10832.25
SN00996,23,Male,"Research & Development","Laboratory Technician",39,54,2272,22.72,0.0,0.0,2294.72,2294.72
SN00997,24,Male,"Research & Development","Research Scientist",45,54,2725,27.25,0.0,0.0,2752.25,2752.25
SN00998,20,Male,"Research & Development","Laboratory Technician",33,48,3033,30.33,0.0,0.0,3063.33,3063.33
SN00999,38,Male,Sales,"Sales Executive",27,44,6861,68.61,0.0,0.0,6929.61,6929.61
SN01000,29,Male,"Research & Development","Research Scientist",30,44,2340,23.40,0.0,0.0,2363.40,2363.40
SN01003,41,Female,"Research & Development","Healthcare Representative",47,56,6811,68.11,0.0,0.0,6879.11,6879.11
SN01004,54,Female,"Research & Development",Manager,53,69,17426,871.30,0.0,1742.6,18297.30,20039.90
SN01006,55,Female,"Research & Development",Manager,49,62,19187,959.35,0.0,0.0,20146.35,20146.35
SN01009,45,Female,Sales,"Sales Executive",41,51,5593,55.93,0.0,0.0,5648.93,5648.93
SN01010,39,Male,"Research & Development",Manager,44,58,19431,194.31,0.0,0.0,19625.31,19625.31
SN01011,29,Female,Sales,"Sales Executive",40,55,8268,82.68,0.0,0.0,8350.68,8350.68
SN01014,43,Female,"Research & Development","Research Scientist",30,49,4739,47.39,0.0,0.0,4786.39,4786.39
SN01018,51,Male,"Research & Development","Laboratory Technician",50,64,2075,103.75,0.0,207.5,2178.75,2386.25
SN01019,43,Female,"Research & Development","Laboratory Technician",45,59,5257,52.57,0.0,0.0,5309.57,5309.57
SN01020,23,Female,"Research & Development","Laboratory Technician",46,56,3295,32.95,0.0,0.0,3327.95,3327.95
SN01021,41,Female,Sales,Manager,38,49,16595,165.95,0.0,0.0,16760.95,16760.95
SN01022,33,Male,Sales,"Sales Executive",41,52,6146,61.46,0.0,0.0,6207.46,6207.46
SN01023,49,Male,"Research & Development","Healthcare Representative",24,39,6651,66.51,0.0,0.0,6717.51,6717.51
SN01024,33,Male,"Research & Development","Laboratory Technician",46,59,5207,52.07,0.0,0.0,5259.07,5259.07
SN01026,41,Male,"Research & Development","Healthcare Representative",43,55,6870,68.70,0.0,0.0,6938.70,6938.70
SN01028,29,Male,"Research & Development","Laboratory Technician",32,51,4025,40.25,0.0,0.0,4065.25,4065.25
SN01029,50,Male,Sales,Manager,41,52,19331,193.31,0.0,0.0,19524.31,19524.31
